type,value
variable 1,-1.77631469016691
variable 2,3.38791781876974
